"Code";"en - English";"et - estonian";"zh-hans - Simplified Chinese";"zh-hant - Traditional Chinese";"fr - French";"de - German";"ja - Japanese";"es - Spanish";"sv - Swedish";"pl - Polish";"pt - Portugese";"pt-BR - Portuguese (Brazil)";"ru - Russian";"ar - Arabic";"bg - Bulgarian";"cs - Czech";"da - Danish";"el - Greek";"fi - Finnish";"hu - Hungarian";"it - Italian";"he - Hebrew";"ko - Korean";"nl - Dutch";"no - Norwegian";"ro - Romanian";"tr - Turkish";"lt - Lithuanian";"lv - Latvian";"uk - Ukrainian ";"th - Thai";"id - Indonesian ";"vi - Vietnamese ";"ca - Catalan";"hr - Croatian";"sk - Slovak";"sl - Slovenian";"sr-Latn - Serbian (latin)";"hi - Hindi"
"ab";"Abkhazian";"abhaasia";"阿布哈西亚语";"亞布卡薩文";"Abkhazien";"Abchasisch";"アブハーズ語";"Abjasio";"Abchaziska";"Abchaski";"Abecásio";"Abkhazian";"Абхазский";"الأبخازية";"абхазки";"Abcházština";"Abkhasisk";"Aμπχαζικά";"Abhaasi";"Abház";"Abkhazian";"אבקאזית";"압하스어";"Abchazisch";"Abkhasisk";"Abhază";"Abazaca";"abchazų";"abhāzu";"Абхазька";"อับคาเซีย";"Abkhaz";"Tiếng Abkhazian";"Abkhaz";"abhaski";"abcházština";"abhazijščina";"Abhaski";"अब्खाज़ियन"
"aa";"Afar";"avaari";"阿法尔语";"阿法文";"Afar";"Afar";"アファル語";"Afar";"Afar";"Afar";"Afar";"Afar";"Афарский";"العفارية";"афар";"Afarština";"Afar";"Αφάρ";"Afaari";"Afar";"Afar";"אפרית";"아파르어";"Afar";"Afar";"Afar";"Afar Dili";"afarų";"afāru";"Афарська";"อะฟาร์";"Afar";"Tiếng Afar";"Àfar";"afarski";"afárčina";"afarščina";"Afarski";"अफ़ार"
"af";"Afrikaans";"afrikaani";"南非语";"南非荷蘭文";"Afrikaans";"Afrikaans";"アフリカーンス語";"Afrikáans";"Afrikaans";"Afrikaans";"Africânder";"Afrikaans";"Африкаанс";"الأفريكانية";"африканс";"Afrikánština";"Afrikaans";"Αφρικάανς";"Afrikaans";"Afrikaans";"Afrikaans";"אפריקנס";"아프리카어";"Afrikaans";"Afrikaans";"Afrikaans";"Afrikaner";"būrų";"afrikandu";"Африкаанс";"แอฟริกา";"Afrikans";"Tiếng Hà Lan ở Nam Phi";"Afrikaans";"afrikaans";"afrikánčina";"afrikanščina";"Afrikans";"अफ़्रीकान्स"
"sq";"Albanian";"albaania";"阿尔巴尼亚语";"阿爾巴尼亞文";"Albanais";"Albanisch";"アルバニア語";"Albanés";"Albanska";"Albański";"Albanês";"Albânico";"Албанский";"الألبانية";"албански";"Albánština";"Albansk";"Αλβανικά";"Albania";"Albán";"Albanese";"אלבנית";"알바니아어";"Albanees";"Albansk";"Albaneză";"Arnavutça";"albanų";"albāņu";"Албанська";"แอลเบเนีย";"Albania";"Tiếng An-ba-ni";"Albanès";"albanski";"albánčina";"albanščina";"Albanski";"अल्बानियाई"
"am";"Amharic";"amhaari";"阿姆哈拉语";"阿姆哈拉文";"Amharique";"Amharisch";"アムハラ語";"Amárico";"Amhariska";"Amharski";"Amárico";"Amharic";"Амхарский";"الأمهرية";"амхарски";"Amharština";"Amharisk";"Αμαρικά";"Amhara";"Amhári";"Amarico";"אמהרית";"암하라어";"Amharisch";"Amharisk";"Amharică";"Amhara Dili";"amharų";"amharu";"Амхарська";"อัมฮาริก";"Amhara";"Tiếng Amharic";"Amhàric";"amharski";"amharčina";"amharščina";"Amharski";"अमहरिक"
"ar";"Arabic";"araabia";"阿拉伯语";"阿拉伯文";"Arabe";"Arabisch";"アラビア語";"Árabe";"Arabiska";"Arabski";"Árabe";"Árabe";"Арабский";"العربية";"арабски";"Arabština";"Arabisk";"Αραβικά";"Arabia";"Arab";"Arabo";"ערבית";"아라비아어";"Arabisch";"Arabisk";"Arabă";"Arapça";"arabų";"arābu";"Арабська";"อารบิก";"Arab";"Tiếng Ả-rập";"Àrab";"arapski";"arabčina";"arabščina";"Arapski";"अरबी"
"hy";"Armenian";"armeenia";"亚美尼亚语";"亞美尼亞文";"Arménien";"Armenisch";"アルメニア語";"Armenio";"Armeniska";"Armeński";"Arménio";"Armênio";"Армянский";"الأرمينية";"арменски";"Arménština";"Armensk";"Αρμένικα";"Armenia";"Örmény";"Armeno";"ארמנית";"아르메니아어";"Armeens";"Armensk";"Armeană";"Ermenice";"armėnų";"armēņu";"Вірменська";"อาร์เมเนีย";"Armenia";"Tiếng Ác-mê-ni";"Armeni";"aramejski";"arménčina";"armenščina";"Jermenski";"अर्मेनियाई"
"as";"Assamese";"assami";"阿萨姆语";"阿薩姆文";"Assamais";"Assamesisch";"アッサム語";"Asamés";"Assamesiska";"Assamski";"Assamês";"Assamese";"Ассамский";"الآسامية";"асамски";"Asámština";"Assamesisk";"Ασαμέζικα";"Assami";"Asszámi";"Assamese";"אסמית";"아삼어";"Assamees";"Assamesisk";"Assameză";"Assamese Dili";"asamesų";"asamiešu";"Ассамська";"อัสสมี";"Assam";"Tiếng Assamese";"Assamès";"asamski";"asámčina";"asamščina";"Asamski";"असमी"
"ay";"Aymara";"aimara";"艾马拉语";"亞摩拉文";"Aïmara";"Aymara";"アイマラ語";"Aimara";"Aymara";"Ajmara";"Aimará";"Armeniano";"Аймара";"الأيمارا";"аймара";"Ajmarština";"Aymara";"Αζερμπαϊτζανικά";"Aimara";"Ajmara";"Aymara";"איימרית";"아이마라어";"Aymara";"Aymara";"Aimară";"Aymara Dili";"aimarų";"aimaru";"Аймара";"ไอมารา";"Aymara";"Tiếng Aymara";"Aimara";"ajmarski";"aymarčina";"ajmarščina";"Ajmarski";"आयमारा"
"az";"Azerbaijani";"aserbaidžaani";"阿塞拜疆语";"亞塞拜然文";"Azerbaïdjanais";"Aserbaidschanisch";"アゼルバイジャン語";"Azerbaiyano";"Azerbajdzjanska";"Azerbejdżański";"Azerbaijanês";"Azerbaijiano";"Азербайджанский";"الأذربيجانية";"азербайджански";"Azerbajdžánština";"Aserbadsjansk";"Αϋμάρα";"Azeri";"Azeri";"Azero";"אזרבייג'אנית";"아제르바이잔어";"Azerbeidzjaans";"Aserbajdsjansk";"Azeră";"Azerice";"azerbaidžaniečių";"azerbaidžāņu";"Азербайджанська";"อาเซอร์ไบจาน";"Azerbaijani";"Tiếng A-giéc-bai-gian";"Àzeri";"azerbajdžanski";"azerbajdžančina";"azerbajdžanščina";"Azerbejdžanski";"अज़रबेजानी"
"ba";"Bashkir";"baškiiri";"巴什基尔语  ";"巴什喀爾文";"Bachkir";"Baschkir";"バシキール語";"Baskir";"Basjkiriska";"Baszkirski";"Basquir";"Bashkir";"Башкирский";"البشكيرية";"башкирски";"Baškirština";"Bashkir";"Μπασκίρ";"Baškiiri";"Baskír";"Bashkir";"באשקירית";"바시키르어";"Bashkir";"Basjkirsk";"Bashkir";"Başkırca";"baškirų";"baškīru";"Башкирська";"บัชคีร์";"Bashkir";"Tiếng Baskir";"Baixkir";"baškirski";"baškirčina";"baškirščina";"Baškirski";"बश्कीर"
"eu";"Basque";"baski";"巴斯克语";"巴斯克文";"Basque";"Baskisch";"バスク語";"Vasco";"Baskiska";"Baskijski";"Basco";"Basco";"Баскский";"الباسكية";"баскийски";"Baskičtina";"Baskisk";"Βάσκικα";"Baski";"Baszk";"Basco";"בסקית";"바스크어";"Baskisch";"Baskisk";"Bască";"Bask Dili";"baskų";"basku";"Баскська";"แบ็ซก์";"Basque";"Tiếng Baxcơ";"Basc";"baskijski";"baskičtina";"baskovščina";"Baskijski";"बास्क"
"bn";"Bengali";"bengali";"孟加拉语";"孟加拉文";"Bengali";"Bengalisch";"ベンガル語";"Bengalí";"Bengali";"Bengalski";"Bengali";"Bengali";"Бенгальский";"البنغالية";"бенгалски";"Bengálština";"Bengali";"Μπενγκάλι";"Bengali";"Bengáli";"Bengali";"בנגלית";"벵골어";"Bengaals";"Bengali";"Bengaleză";"Bengali";"bengalų";"bengāļu";"Бенгальська";"เบ็งกาลี";"Bengali";"Tiếng Bengali";"Bengalí";"bengalski";"bengálčina";"bengalščina";"Bengalski";"बंगाली"
"dz";"Bhutani";"bhutani";"不丹语";"不丹文";"Bhoutanais";"Bhutanisch";"ブータン語";"Butanés";"Dzongkha";"Dżongkha";"Butanês";"Bhutani";"Бутанский";"البوتانية";"дзонгкха";"Bhútánština";"Bhutani";"Μπουτάνι";"Bhutani";"Bhutáni";"Dzongkha";"בהוטנית";"후탄";"Bhutaans";"Bhutansk";"Bhutani";"Butan Dili";"botijų";"butāniešu";"Дзонґ-ке";"ภูฏาน";"Dzongkha";"Tiếng Bhutani";"Dzongka";"butanski";"bhutánčina";"butanščina";"Butanski";"भूटानी"
"bh";"Bihari";"bihaari";"比哈里语";"比哈文";"Bihari";"Bihari";"ビハール語";"Bahreiní";"Bihari";"Bihari";"Biari";"Bihari";"Бихари";"البيهارية";"бихари";"Biharština";"Bihari";"Μπιχάρι";"Bihari";"Bihari";"Bihari";"ביהרית";"비하리";"Bihari";"Bihari";"Bihari";"Bihari Dili";"bihari";"biharu";"Біхарі";"พิหาร";"Bihari";"Tiếng Bihari";"Bihari";"biharski";"bihárčina";"biharščina";"Biharski";"बिहारी"
"bi";"Bislama";"bislama";"比斯拉马语";"比斯拉馬文";"Bislama";"Bislama";"ビスラマ語";"Bislama";"Bislama";"Bislama";"Bislama";"Bislama";"Бислама";"البيسلامية";"бислама";"Bislámština";"Bislama";"Μπισλάμα";"Bislama";"Biszlama";"Bislama";"בילאמית";"비슬라마어";"Bislama";"Bislama";"Bislama";"Bislama Dili";"bislamo";"bislama";"Бісламійська";"บิสลามา";"Bislama";"Tiếng Bislama";"Bislama";"bislamski";"bislamčina";"bislamščina";"Bislamski";"बिस्लामा"
"bs";"Bosnian";"bosnia";"波斯尼亚文";"波士尼亞文";"Bosniaque";"Bosnisch";"ボスニア語";"Bosnio";"Bosniska";"Bośniacki";"Bósnio";"Bósnio";"Боснийский";"البوسنية";"босненски";"Bosenština";"Bosnisk";"Βοσνιακά";"Bosnia";"Bosnyák";"Bosniaco";"בוסנית";"보스니아어";"Bosnisch";"Bosnisk";"Bosniacă";"Boşnakça";"bosnių";"bosniešu";"Боснійська";"บอสเนีย";"Bosnia";"Tiếng Nam Tư";"Bosnià";"bosanski";"bosniačtina";"bosanščina";"Bosanski";"बोस्नियाई"
"br";"Breton";"bretooni";"布列塔尼语";"布里敦文";"Breton";"Bretonisch";"ブルトン語";"Bretón";"Bretonska";"Bretoński";"Bretão";"Breton";"Бретонский";"البريتونية";"бретонски";"Bretonština";"Bretonsk";"Βρετονικά";"Bretoni";"Breton";"Bretone";"ברטונית";"브르타뉴어";"Bretons";"Bretagnsk";"Bretonă";"Bretonca";"bretonų";"bretoņu";"Бретонська";"เบรตัน";"Breton";"Tiếng Breton";"Bretó";"bretonski";"bretónčina";"bretonščina";"Bretonski";"ब्रेटन"
"bg";"Bulgarian";"bulgaaria";"保加利亚语";"保加利亞文";"Bulgare";"Bulgarisch";"ブルガリア語";"Búlgaro";"Bulgariska";"Bułgarski";"Búlgaro";"Búlgaro";"Болгарский";"البلغارية";"български";"Bulharština";"Bulgarsk";"Βουλγαρικά";"Bulgaria";"Bolgár";"Bulgaro";"בולגרית";"불가리아어";"Bulgaars";"Bulgarsk";"Bulgară";"Bulgarca";"bulgarų";"bulgāru";"Болгарська";"บัลแกเรีย";"Bulgar";"Tiếng Bun-ga-ri";"Búlgar";"bugarski";"bulharčina";"bolgarščina";"Bugarski";"बुल्गारियाई"
"my";"Burmese";"birma";"缅甸语";"緬甸文";"Birman";"Birmanisch";"ビルマ語";"Birmano";"Burmesiska";"Birmański";"Birmanês";"Burmês";"Бирманский";"البورمية";"бирмански";"Burmština";"Burmesisk";"Βιρμανικά";"Burma";"Burmai";"Burmese";"בורמזית";"버마어";"Burmees";"Burmesisk";"Burmeză";"Burmese Dili";"birmiečių";"birmiešu";"Бірманська";"พม่า";"Burma";"Tiếng Miến Điện";"Birmà";"burmanski";"barmčina";"burmanščina";"Burmanski";"बर्मी"
"be";"Belarusian";"valgevene";"白俄罗斯语";"白俄羅斯文";"Biélorusse";"Weißrussisch";"ベラルーシ語";"Bielorruso";"Vitryska";"Białoruski";"Bielorrusso";"Bielo-russo";"Белорусский";"البيلاروسية";"белоруски";"Běloruština";"Hviderussisk";"Λευκορωσικά";"Valkovenäjä";"Fehérorosz";"Bielorusso";"בלרוסית";"벨로루시어";"Wit-Russisch";"Hviterussisk";"Belarusă";"Beyaz Rusça";"baltarusių";"baltkrievu";"Білоруська";"เบลารุส";"Belarusia";"Tiếng Bê-la-rút";"Bielorús";"bjeloruski";"bieloruština";"beloruščina";"Beloruski";"बेलारूसी"
"km";"Cambodian";"kambodža";"柬埔寨语";"柬埔寨文";"Cambodgien";"Kambodschanisch";"クメール語";"Camboyano";"Kambodjanska";"Kambodżański";"Cambojano";"Cambojano";"Камбоджийский";"الكمبودية";"кхмерски";"Kambodžština";"Cambodjansk";"Καμποτζιανά";"Kambodša";"Kambodzsai";"Khmer";"קמבודית";"캄보디아어";"Cabodjaans";"Khmer";"Khmeră";"Kamboçya Dili";"kambodžiečių";"kambodžiešu";"Камбоджійська";"กัมพูชา";"Khmer";"Tiếng Cam-pu-chia";"Cambodjià";"kmerski";"kambodžtina";"kamboščina";"Kambodžanski";"कम्बोडियाई"
"ca";"Catalan";"katalaani";"加泰罗尼亚语";"卡達隆尼亞文";"Catalan";"Katalanisch";"カタルーニャ語";"Catalán";"Katalanska";"Kataloński";"Catalão";"Catalão";"Каталанский";"الكتلانية";"каталонски";"Katalánština";"Katalansk";"Καταλανικά";"Katalaani";"Katalán";"Catalano";"קטלנית";"카탈로니아어";"Catalaans";"Katalansk";"Catalană";"Katalan Dili";"katalonų";"katalāņu";"Каталанська";"กาตาลัน";"Katalan";"Tiếng Catalan";"Català";"katalanski";"katalánčina";"katalonščina";"Katalanski";"कातलान"
"zh";"Chinese";"hiina";"汉语";"中文";"Chinois";"Chinesisch";"中国語";"Chino";"Kinesiska";"Chiński";"Chinês";"Chinês";"Китайский";"الصينية";"китайски";"Čínština";"Kinesisk";"Κινέζικα";"Kiina";"Kínai";"Cinese";"סינית";"중국어";"Chinees";"Kinesisk";"Chineză";"Çince";"kinų";"ķīniešu";"Китайська";"จีน";"Mandarin";"Tiếng Trung Quốc";"Xinès";"kineski";"čínština";"kitajščina";"Kineski";"चीनी"
"co";"Corsican";"korsika";"科西嘉语";"科西嘉文";"Corse";"Korsisch";"コルシカ語";"Corso";"Korsikanska";"Korsykański";"Corso";"Córsico";"Корсиканский";"الكورسيكية";"корсикански";"Korsičtina";"Korsikansk";"Κορσικανικά";"Korsika";"Korzikai";"Còrso";"קורסיקנית";"코르시카어";"Corsicaans";"Korsikansk";"Corsicană";"Korsika Dili";"korsikiečių";"korsikāņu";"Корсиканська";"คอร์ซิกา";"Korsika";"Tiếng Corsican";"Cors";"korzički";"korzičtina";"korzijščina";"Korzički";"कॉर्सिकन"
"hr";"Croatian";"horvaatia";"克罗地亚语";"克羅埃西亞文";"Croate";"Kroatisch";"クロアチア語";"Croata";"Kroatiska";"Chorwacki";"Croata";"Coata";"Хорватский";"الكرواتية";"хърватски";"Chorvatština";"Kroatisk";"Κροάτικα";"Kroatia";"Horvát";"Croato";"קרואטית";"크로아티아어";"Kroatisch";"Kroatisk";"Croată";"Hırvatça";"kroatų";"horvātu";"Хорватська";"โครเอเชีย";"Kroat";"Tiếng Croát-tia";"Croat";"hrvatski";"chorváčtina";"hrvaščina";"Hrvatski";"क्रोएशियाई"
"cs";"Czech";"tšehhi";"捷克语";"捷克文";"Tchèque";"Tschechisch";"チェコ語";"Checo";"Tjeckiska";"Czeski";"Checo";"Tcheco";"Чешский";"التشيكية";"чешки";"Čeština";"Tjekkisk";"Τσέχικα";"Tšekki ";"Cseh";"Ceco";"צ'כית";"체크어";"Tsjechisch";"Tsjekkisk";"Cehă";"Çekce";"čekų";"čehu";"Чеська";"เช็ก";"Cek";"Tiếng Séc";"Txec";"češki";"čeština";"češčina";"Češki";"चेक"
"da";"Danish";"taani";"丹麦语";"丹麥文";"Danois";"Dänisch";"デンマーク語";"Danés";"Danska";"Duński";"Dinamarquês";"Dinamarquês";"Датский";"الدانماركية";"датски";"Dánština";"Dansk";"Δανικά";"Tanska";"Dán";"Danese";"דנית";"덴마크어";"Deens";"Dansk";"Daneză";"Danca";"danų";"dāņu";"Данська";"เดนมาร์ก";"Dansk";"Tiếng Đan Mạch";"Danès";"danski";"dánčina";"danščina";"Danski";"डैनिश"
"nl";"Dutch";"hollandi";"荷兰语";"荷蘭文";"Néerlandais";"Niederländisch";"オランダ語";"Neerlandés";"Nederländska";"Niderlandzki";"Holandês";"Holandes";"Голландский";"الألمانية";"холандски";"Nizozemština";"Hollandsk";"Ολλανδικά";"Hollanti";"Holland";"Olandese";"הולנדית";"네덜란드어";"Nederlands";"Nederlandsk";"Olandeză";"Flemenkçe";"olandų";"holandiešu";"Нідерландська";"เนเธอร์แลนด์";"Belanda";"Tiếng Hà Lan";"Neerlandès";"nizozemski";"holandčina";"nizozemščina";"Holandski";"डच"
"en";"English";"inglise";"英语";"英文";"Anglais";"Englisch";"英語";"Inglés";"Engelska";"Angielski";"Inglês";"Inglês";"Английский";"الإنجليزية";"английски";"Angličtina";"Engelsk";"Ελληνικά";"Englanti";"Angol";"Inglese";"אנגלית";"영어";"Engels";"Engelsk";"Engleză";"İngilizce";"anglų";"angļu";"Англійська";"อังกฤษ";"Inggris";"Tiếng Anh";"Anglès";"engleski";"angličtina";"angleščina";"Engleski";"अंग्रेज़ी"
"eo";"Esperanto";"esperanto";"世界语";"世界語";"Esperanto";"Esperanto";"エスペラント語";"Esperanto";"Esperanto";"Esperanto";"Esperanto";"Esperanto";"Эсперанто";"الإسبرانتو";"есперанто";"Esperanto";"Esperanto";"Εσπεράντο";"Esperanto";"Eszperantó";"Esperanto";"אספרנטו";"에스페란토";"Esperanto";"Esperanto";"Esperanto";"Esperanto";"esperanto";"esperanto";"Есперанто";"เอสเปรันโต";"Esperanto";"Quốc tế ngữ";"Esperanto";"esperanto";"esperanto";"esperanto";"Esperanto";"ऐस्पेरांतो"
"et";"Estonian";"eesti";"爱沙尼亚语";"愛沙尼亞文";"Estonien";"Estnisch";"エストニア語";"Estonio";"Estniska";"Estoński";"Estónio";"Estoniano";"Эстонский";"الإستونية";"естонски";"Estonština";"Estisk";"Εσθονικά";"Viro";"Észt";"Estone";"אסטונית";"에스토니아어";"Ests";"Estisk";"Estoniană";"Estonya Dili";"estų";"igauņu";"Естонська";"เอสโตเนีย";"Esti";"Tiếng Ét-to-ni";"Estonià";"estonski";"estónčina";"estonščina";"Estonski";"एस्टोनियाई"
"fo";"Faroese";"fääri";"法罗群岛语";"法羅文";"Féringien";"Färöisch";"フェロー語";"Feroés";"Färöiska";"Faroeski";"Feroês";"Farsi";"Фарерский";"الفاروزية";"фарьорски";"Faerština";"Færøsk";"Φαροεζικά";"Fääri";"Feröeri";"Faroese";"פרואסית";"페로어";"Faeröers";"Færøysk";"Feroeză";"Faroese Dili";"farerų";"fēru";"Фарерська";"แฟโร";"Faeroe";"Tiếng Faroese";"Feroès";"ferojski";"faerčina";"ferščina";"Farski";"फ़िरोज़ी"
"fj";"Fiji";"fidži";"斐济语";"斐濟文";"Fidji";"Fidschi";"フィジー語";"Fiyiano";"Fiji";"Fidżi";"Fijiano";"Fiji";"Фиджи";"فيجي";"фиджийски";"Fidžijština";"Fiji";"Φίτζι";"Fidzhi";"Fidzsi";"Figiano";"פיג'ית";"피지어";"Fiji";"Fiji";"Fiji";"Fiji Dili";"fidžių";"fidžiešu";"Фіджі";"ฟิจิ";"Fiji";"Tiếng Fiji";"Fiji";"fidžijski";"fidžijčina";"fidžijščina";"Fidžijski";"फ़िजी"
"fi";"Finnish";"soome";"芬兰语";"芬蘭文";"Finlandais";"Finnisch";"フィンランド語";"Finés";"Finska";"Fiński";"Finlandês";"Finlandês";"Финский";"الفنلندية";"фински";"Finština";"Finsk";"Φινλανδικά";"Suomi";"Finn";"Finlandese";"פינית";"핀란드어";"Fins";"Finsk";"Finlandeză";"Fince";"suomių";"somu";"Фінська";"ฟินแลนด์";"Suomi";"Tiếng Phần Lan";"Finès";"finski";"fínčina";"finščina";"Finski";"फ़िनिश"
"fr";"French";"prantsuse";"法语";"法文";"Français";"Französisch";"フランス語";"Francés";"Franska";"Francuski";"Francês";"Francês";"Французский";"الفرنسية";"френски";"Francouzština";"Fransk";"Γαλλικά";"Ranska";"Francia";"Francese";"צרפתית";"프랑스어";"Frans";"Fransk";"Franceză";"Fransızca";"prancūzų";"franču";"Французька";"ฝรั่งเศส";"Prancis";"Tiếng Pháp";"Francès";"francuski";"francúzština";"francoščina";"Francuski";"फ़्रेंच"
"fy";"Frisian";"friisi";"弗里西亚语";"夫里斯蘭文";"Frison";"Friesisch";"フリジア語";"Frisón";"Frisiska";"Fryzyjski";"Frísico";"Frisian";"Фризский";"الفريزيانية";"фризийски";"Fríština";"Frisisk";"Φρίζιαν";"Friisi";"Fríz";"Frisone";"פריזלנדית";"프리슬란드어";"Fries";"Frisisk";"Frisiană";"Frisian";"fryzų";"frīzu";"Фризька";"ฟริเชีย";"Frisia";"Tiếng Frisian";"Frisó";"frizijski";"frízština";"frizijščina";"Frizijski";"फ़्रीशियन"
"gl";"Galician";"galeegi";"加利西亚语";"加里斯亞文";"Galicien";"Galizisch";"ガリシア語";"Gallego";"Galiciska";"Galicyjski";"Galego";"Galego";"Галисийский";"الغالية";"галисийски";"Galicijština";"Galilæisk";"Γαλικικά";"Galicia";"Galiciai";"Galiziano";"גליזיאנית";"갈리시아어";"Galisisch";"Galicisk";"Galiciană";"Galician";"galų";"galisiešu ";"Галісійська";"กาลิเซีย";"Galicia";"Tiếng Galician";"Gallec";"galicijski";"galícijčina";"galicijščina";"Galicijski";"गैलिशियन"
"ka";"Georgian";"gruusia";"格鲁吉亚语";"喬治亞文";"Géorgien";"Georgisch";"グルジア語";"Georgiano";"Georgiska";"Gruziński";"Georgiano";"Georgiano";"Грузинский";"الجورجية";"грузински";"Gruzínština";"Georgisk";"Γεωργιανά";"Georgia";"Grúz";"Georgiano";"גיאורגית";"그루지야어";"Georgisch";"Georgisk";"Georgiană";"Gürcü";"gruzinų";"gruzīnu";"Грузинська";"จอร์เจีย";"Georgia";"Tiếng Georgian";"Georgià";"gruzijski";"gruzínčina";"gruzinščina";"Gruzijski";"जॉर्जियन"
"de";"German";"saksa";"德语";"德文";"Allemand";"Deutsch";"ドイツ語";"Alemán";"Tyska";"Niemiecki";"Alemão";"Alemão";"Немецкий";"الألمانية";"немски";"Němčina";"Tysk";"Γερμανικά";"Saksa";"Német";"Tedesco";"גרמנית";"독일어";"Duits";"Tysk";"Germană";"Almanca";"vokiečių";"vācu";"Німецька";"เยอรมัน";"Jerman";"Tiếng Đức";"Alemany";"njemački";"nemčina";"nemščina";"Nemački";"जर्मन"
"el";"Greek";"kreeka";"希腊语";"希臘文";"Grec";"Griechisch";"ギリシャ語";"Griego";"Grekiska";"Grecki";"Grego";"Grego";"Греческий";"اليونانية";"гръцки";"Řečtina";"Græsk";"Ελληνικά";"Kreikka";"Görög";"Greco";"יוונית";"그리스어";"Grieks";"Gresk";"Greacă";"Yunanca";"graikų";"grieķu";"Грецька";"กรีก";"Yunani";"Tiếng Hy Lạp";"Grec";"grčki";"gréčtina";"grščina";"Grčki";"यूनानी"
"kl";"Greenlandic";"grööni";"格陵兰语";"格陵蘭文";"Groenlandais";"Grönländisch";"グリーンランド語";"Groenlandés";"Grönländska";"Grenlandzki";"Gronelandês";"Greenlandic";"Гренландский";"الجرينلاندية";"гренландски";"Grónština";"Grønlandsk";"Γροιλανδικά";"Grönlanti";"Grönlandi";"Kalaallisut";"גרינלנדית";"그린란드어";"Groenlands";"Grønnlandsk";"Groenlandeză";"Grönland Dili";"grenlandų";"grenlandiešu";"Ґренландська";"กรีนแลนด์";"Kalaallisut";"Tiếng Greenlandic";"Grenlandès";"grenlandski";"grónčina";"grenlandščina";"Grenlandski";"ग्रीनलैंडिक"
"gn";"Guarani";"guarani";"瓜拉尼語";"瓜拉尼文";"Guarani";"Guarani";"グアラニー語";"Guaraní";"Guaraní";"Guarani";"Guarani";"Guarani";"Гуарани";"الجورانية";"гуарани";"Guaraní";"Guaraní";"Γκουαρανί";"Guarani";"Guaraní";"Guarani";"גוארנית";"과라니어";"Guaraans";"Guarani";"Guarani";"Guarani";"gvaranių";"guarani";"Гуарані";"กวารานี";"Guarani";"Tiếng Guarani";"Guaraní";"guaranski";"guaraníjčina";"gvarani";"Guaranski";"गौरानी"
"gu";"Gujarati";"gudžarati";"古吉拉特语";"古吉拉特文";"Gujarati";"Gujarati";"グジャラート語";"Gujarati";"Gujarati";"Gudźarati";"Gujarati";"Gujarati";"Гуджарати";"الجوجاراتية";"гуджарати";"Gudžarátština";"Gujarati";"Γκουτζαράτι";"Gujarati";"Gujarati";"Gujarati";"גוז'אראטית";"구자라트어";"Gujarati";"Gujarati";"Gujarati";"Gujarati Dili";"gujarati";"gudžaratu";"Гуджараті";"คุชราตี";"Gujarati";"Tiếng Gujarati";"Gujarati";"gudžaratski";"gudžarátčina ";"gudžarati";"Gudžarati";"गुजराती"
"ha";"Hausa";"hausa";"豪萨语";"豪沙文";"Haoussa";"Haussa";"ハウサ語";"Hausa";"Hausa";"Hausa";"Haúça";"Hausa";"Хауса";"الهاوسا";"хауса";"Hausa";"Hausa";"Χάουσα";"Hausa";"Hausa";"Hausa";"הוסאית";"하우사어";"Hausa";"Hausa";"Hausa";"Hausa Dili";"hausų";"hausu";"Хауса";"เฮาซา";"Hausa";"Tiếng Hausa";"Haussa";"hausa";"hauština";"Hausa";"Hausa";"हौसा"
"he";"Hebrew";"heebrea";"希伯来语";"希伯來文";"Hébreu";"Hebräisch";"ヘブライ語";"Hebreo";"Hebreiska";"Hebrajski";"Hebraico";"Hebreu";"Иврит";"العبرية";"иврит";"Hebrejština";"Hebræisk";"Εβραϊκά";"Heprea";"Héber";"Ebraico";"עברית";"히브리어";"Hebreeuws";"Hebraisk";"Ebraică";"İbranice";"hebrajų";"senebreju";"Іврит";"ฮีบรู";"Ibrani";"Tiếng Hê-brơ";"Hebreu";"hebrejski";"hebrejčina";"hebrejščina";"Herbrejski";"हिब्रू"
"hi";"Hindi";"hindi";"印地语";"印度文";"Hindou";"Hindi";"ヒンディー語";"Hindi";"Hindi";"Hindi";"Hindi";"Hindu";"Хинди";"الهندية";"хинди";"Hindština";"Hindi";"Νεοϊνδικά";"Hindi";"Hindi";"Hindi";"הינדית";"힌두어";"Hindi";"Hindi";"Hindi";"Hintçe";"hindi";"hindi";"Гінді";"ฮินดี";"Hindi";"Tiếng Hindi";"Hindi";"hindski";"hindčina ";"hindijščina";"Hindi";"हिंदी"
"hu";"Hungarian";"ungari";"匈牙利语";"匈牙利文";"Hongrois";"Ungarisch";"ハンガリー語";"Húngaro";"Ungerska";"Węgierski";"Húngaro";"Húngaro";"Венгерский";"المجرية";"унгарски";"Maďarština";"Ungarsk";"Ουγγρικά";"Unkari";"Magyar";"Ungherese";"הונגרית";"헝가리어";"Hongaars";"Ungarsk";"Maghiară";"Macarca";"vengrų";"ungāru";"Угорська";"ฮังการี";"Magyar";"Tiếng Hung-ga-ri";"Hongarès";"mađarski";"maďarčina";"madžarščina";"Mađarski";"हंगेरियन"
"is";"Icelandic";"islandi";"冰岛语";"冰島文";"Islandais";"Isländisch";"アイスランド語";"Islandés";"Isländska";"Islandzki";"Islandês";"Islandês";"Исландский";"الأيسلندية";"исландски";"Islandština";"Islandsk";"Ισλανδικά";"Islanti";"Izlandi";"Islandese";"איסלנדית";"아이슬란드어";"IJslands";"Islandsk";"Islandeză";"İzlandaca";"islandų";"islandiešu";"Ісландська";"ไอซ์แลนด์";"Islan";"Tiếng Ai-xơ-len";"Islandès";"islandski";"islandčina";"islandščina";"Islandski";"आइसलैंडिक"
"id";"Indonesian";"indoneesia";"印度尼西亚语";"印尼文";"Indonésien";"Indonesisch";"インドネシア語";"Indonesio";"Indonesiska";"Indonezyjski";"Indonésio";"Indonês";"Индонезийский";"الإندونيسية";"индонезийски";"Indonézština";"Indonesisk";"Ινδονησιακά";"Indonesia";"Indonéz";"Indonesiano";"אינדונזית";"인도네시아어";"Indonesisch";"Indonesisk";"Indoneziană";"Endonezya Dili";"indoneziečių";"indonēziešu";"Індонезійська";"อินโดนีเซีย";"Bahasa Indonesia";"Tiếng In-đô-nê-xia";"Indonesi";"indonezijski";"indonézština";"indonezijščina";"Indonezijski";"इंडोनेशियाई"
"ia";"Interlingua";"interlingua";"国际语";"人工國際語";"Interlangue";"Interlingua";"インターリングア";"Interlingua";"Interlingua";"Interlingua";"Interlíngua";"Interlingua";"Интерлингва";"الإنترلينجوا";"интерлингва";"Interlingua";"Interlingua";"Ιντερλίνγκουα";"Interlingue";"Interlingva";"Interlingua";"אינטרלינגואה";"인터링구아";"Interlingua";"Interlingua";"Interlingua";"Interlingua";"interlingua";"interlingva";"Інтерлінгва";"นานาชาติ";"Interlingua";"Tiếng Khoa học Quốc tế";"Interlingua";"interlingua";"interlingua";"interlingua";"Interlingva";"इंटरलिंगुआ"
"iu";"Inuktitut";"inuktituti";"因纽特语";"依奴提圖特文";"Inuktitut";"Inuktitut";"イヌクティトット語";"Inuktitut";"Inuktitut";"Inuktitut";"Inuktitut";"Inuktitut";"Инуктитут";"الإنوكتيتوت";"инуктитут";"Inuktitut";"Inuktitut";"Ινούκτιτουτ";"Inuktitut";"Inuktitut";"Inuktitut";"אינוקטיטית";"이눅티투트";"Inuktitut";"Inuktitut";"Inuktitut";"Eskimoca";"inuktituto";"inuītu";"Інуктітут";"อินุกติตุต";"Inuktitut";"Tiếng Inuktitut";"Inuktitut";"inuktitut";"inuktitutčina";"inuktituščina";"Inuktitut";"इनुक्तितुत"
"ik";"Inupiak";"injupiaki";"伊努帕克语";"依奴皮維克文";"Inupik";"Inupiak";"イヌピアク語";"Inupiaq";"Iñupiaq";"Inupiak";"Inupiaq";"Inupiak";"Инупиак";"الإنوبياك";"инупиак";"Inupiak";"Inupiak";"Ινουπιάκ";"Inupiatun";"Inupiak";"Inupiak";"אינופיקית";"이누피악어";"Inupiak";"Inupiak";"Inupiak";"Inupiak Dili";"inupiakų";"inupiak";"Інупіак";"อินุปิอัก";"Inupiak";"Tiếng Inupiak";"Inupiaq";"inupiak";"inupiak";"inupiakščina";"Inupiak";"इनुपियाक"
"ga";"Irish";"iiri";"爱尔兰语";"愛爾蘭文";"Irlandais";"Irisch";"アイルランド語";"Irlandés";"Irländska";"Irlandzki";"Irlandês";"Irlandes";"Ирландский";"الإيرلندية";"ирландски";"Irština";"Irsk";"Ιρλανδικά";"Irlanti";"Ír";"Irlandese";"אירית";"아일랜드어";"Iers";"Irsk";"Irlandeză";"İrlandaca";"airių";"īru";"Ірландська";"ไอริช";"Gaelig";"Tiếng Ai-len";"Irlandès";"irski";"írčina";"irščina";"Irski";"आयरिश"
"it";"Italian";"itaalia";"意大利语";"義大利文";"Italien";"Italienisch";"イタリア語";"Italiano";"Italienska";"Włoski";"Italiano";"Italiano";"Итальянский";"الإيطالية";"италиански";"Italština";"Italiensk";"Ιταλικά";"Italia";"Olasz";"Italiano";"איטלקית";"이탈리아어";"Italiaans";"Italiensk";"Italiană";"İtalyanca";"italų";"itāļu";"Італійська";"อิตาลี";"Italia";"Tiếng Ý";"Italià";"talijanski";"taliančina";"italijanščina";"Italijanski";"इतालवी"
"ja";"Japanese";"jaapani";"日语";"日文";"Japonais";"Japanisch";"日本語";"Japonés";"Japanska";"Japoński";"Japonês";"Japonês";"Японский";"اليابانية";"японски";"Japonština";"Japansk";"Ιαπωνικά";"Japani";"Japán";"Giapponese";"יפנית";"일본어";"Japans";"Japansk";"Japoneză";"Japonca";"japonų";"japāņu";"Японська";"ญี่ปุ่น";"Jepang";"Tiếng Nhật";"Japonès";"japanski";"japončina";"japonščina";"Japanski";"जापानी"
"jw";"Javanese";"jaava";"爪哇语";"爪哇文";"Javanais";"Javanisch";"ジャワ語";"Javanés";"Javanesiska";"Jawajski";"Javanês";"Javanês";"Яванский";"الجافانية";"явански";"Javánština";"Javanesisk";"Τζαβανέζικα";"Jaava";"Jávai";"Giavanese";"יאווית";"자바어";"Javaans";"Javanesisk";"Javaneză";"Cavaca";"javiečių";"javiešu";"Яванська";"ชวา";"Jawa";"Tiếng Gia-va";"Javanès";"javanski";"jávčina";"javanščina";"Javanski";"जावानीज़"
"kn";"Kannada";"kannada";"坎纳达语";"坎那達文";"Canara";"Kannada";"カナラ語";"Kannada";"Kannada";"Kannada";"Canarim";"Kannada";"Каннада";"الكانادا";"каннада";"Kannadština";"Kannada";"Κάνναντα";"Kannada";"Kannada";"Kannada";"קאנדית";"칸나다어";"Kannada";"Kannada";"Kannada";"Kannada Dili";"kanadų";"kannadu";"Каннада";"กัณณาท";"Kannada";"Tiếng Kannada";"Kannada";"kannadski";"kannadčina";"kannadščina";"Kannada";"कन्नड़"
"ks";"Kashmiri";"kašmiiri";"克什米尔语";"喀什米爾文";"Kachméré";"Kashmiri";"カシミール語";"Cachemiro";"Kashmiri";"Kaszmirski";"Caxemirense";"Kashmiri";"Кашмирский";"الكشميرية";"кашмирски";"Kašmírština";"Kashmiri";"Κασμιριανά";"Kašmiri";"Kasmíri";"Kashmiri";"קשמירית";"카슈미르어";"Kashmiri";"Kasjmirsk";"Kashmiri";"Kaşmir";"kašmyrų";"kašmiriešu";"Кашмірська";"กัศมีรี";"Kashmiri";"Tiếng Ca-sơ-mia";"Caixmiri";"kašmirski";"kašmírčina";"kašmirščina";"Kašmiri";"कश्मीरी"
"kk";"Kazakh";"kasahhi";"哈萨克语";"哈薩克文";"Kazakh";"Kasachisch";"カザフ語";"Kazajo";"Kazakiska";"Kazachski";"Cazaque";"Kazakh";"Казахский";"الكازاخية";"казахски";"Kazaština";"Kazakh";"Καζαχικά";"Kazakki";"Kazahi";"Kazako";"קזאקית";"카자흐어";"Kazachs";"Kasakh";"Kazahă";"Kazak Dili";"kazachų";"kazahu";"Казахська";"คาซัค";"Kazak";"Tiếng Kazakh";"Kazakh";"kazaški";"kazaština";"kazaščina";"Kazaški";"कज़ाख़"
"rw";"Kinyarwanda";"kinyarwanda";"卢旺达语";"金揚萬答文";"Kinyarwanda";"Ruandisch";"キニャルワンダ語";"Kinyarwanda";"Kinyarwanda";"Kinyarwanda";"Kinyarwanda";"Kinyarwanda";"Киньяруанда";"كينيا رواندا";"киняруанда";"Rwandština";"Kinyarwanda";"Kινυαρουάντα";"Ruanda";"Kinyarwanda";"Kinyarwanda";"קינירוונדה";"키냐르완다어";"Kinyarwanda";"Kinyarwanda";"Kinyarwanda";"Kinyarvanda Dili";"kinjaruanda";"kiņaruanda";"Кіньяруанда";"คินยาร์วันดา";"Kinyarwanda";"Tiếng Kinyarwanda";"Kinyarwanda";"kinyarwanda";"rwandčina";"kinjaruandščina";"Ruanda";"कीनियारवांडा"
"ky";"Kirghiz";"kirgiisi";"吉尔吉斯语";"吉爾吉斯文";"Kirghiz";"Kirgisisch";"キルギス語";"Kirguís";"Kirgiziska";"Kirgiski";"Quirguiz";"Kirghiz";"Киргизский";"قيرقيزية";"киргизки";"Kirgizština";"Kirghiz";"Κιργιζικά";"Kirgiisi";"Kirgíz";"Kirghiz";"קירגיזית";"키르기스어";"Kirgisch";"Kirgisisk";"Kârgâză";"Kırgızca";"kirgizų";"kirgīzu";"Киргизька";"เคอร์กิซ";"Kirghiz";"Tiếng Kirghiz";"Kirguís";"kirgiški";"kirgizština";"kirgiščina";"Kirgiski";"किरघिज़"
"rn";"Kirundi";"rundi";"基隆迪语";"科隆地文";"Kiroundi";"Kirundi";"キルンディ語";"Kirundi";"Kirundi";"Kirundi";"Kirundi";"Kirundi";"Кирунди";"الكيروندية";"кирунди";"Kirundi";"Kirundi";"Κιρούντι";"Kirundi";"Kirundi";"Kirundi";"קירונדית";"키룬디어";"Kirundi";"Kirundi";"Kirundi";"Kirundi Dili";"kirundi";"kirundi";"Кірундійська";"คิรุนดี";"Kirundi";"Tiếng Kirundi";"Rundi";"kirundi";"kirundi";"kirundščina";"Kirundi";"किरूंडी"
"ko";"Korean";"korea";"韩语";"韓文";"Coréen";"Koreanisch";"韓国語";"Coreano";"Koreanska";"Koreański";"Coreano";"Coreano";"Корейский";"الكورية";"корейски";"Korejština";"Koreansk";"Κορεάτικα";"Korea";"Koreai";"Coreano";"קוריאנית";"한국어";"Koreaans";"Koreansk";"Coreeană";"Korece";"korėjiečių";"korejiešu";"Корейська";"เกาหลี";"Korea";"Tiếng Hàn Quốc";"Coreà";"korejski";"kórejčina";"korejščina";"Korejski";"कोरियाई"
"ku";"Kurdish";"kurdi";"库尔德语";"庫德文";"Kurde";"Kurdisch";"クルド語";"Kurdo";"Kurdiska";"Kurdyjski";"Curdo";"Kurdish";"Курдский";"الكردية";"кюрдски";"Kurdština";"Kurdisk";"Κουρδικά";"Kurdi";"Kurd";"Curdo";"כורדית";"쿠르드어";"Koerdisch";"Kurdisk";"Kurdă";"Kürtçe";"kurdų";"kurdu";"Курдська";"เคิร์ด";"Kurdi";"Tiếng Kurd";"Kurd";"kurdski";"kurdčina";"kurdščina";"Kurdski";"कुर्दिश"
"lo";"Laothian";"lao";"老挝语";"寮文";"Laotien";"Laotisch";"ラオス語";"Lao";"Lao";"Laotański";"Laosiano";"Laociano";"Лаосский";"اللاوسية";"лаоски";"Laoština";"Laotisk";"Λαοθιανά";"Lao";"Laoszi";"Lao";"לאואית";"라오타이어";"Laothiaans";"Laotisk";"Laoţiană";"Lao Dili";"laosiečių";"laosiešu";"Лаоська";"ลาว";"Lao";"Tiếng Lào";"Laosià";"laoski";"laoština";"laoščina";"Laoski";"लाओथियन"
"la";"Latin";"ladina";"拉丁语";"拉丁文";"Latin";"Lateinisch";"ラテン語";"Latín";"Latin";"Łacina";"Latim";"Latim";"Латинский";"اللاتينية";"латински";"Latina";"Latin";"Λατινικά";"Latina";"Latin";"Latino";"לטינית";"라틴어";"Latijns";"Latinsk";"Latină";"Latince";"lotynų";"latīņu";"Латинська";"ละติน";"Latin";"Tiếng La Tinh";"Llatí";"latinski";"latinčina";"latinščina";"Latinski";"लैटिन"
"lv";"Latvian";"läti";"拉脱维亚语";"拉脫維亞文";"Letton";"Lettisch";"ラトビア語";"Letón";"Lettiska";"Łotewski";"Letão";"Latviano";"Латышский";"اللاتفية";"латвийски";"Lotyština";"Lettisk";"Λετονικά";"Latvia";"Lett";"Lettone";"לטבית";"라트비아어";"Lets";"Latvisk";"Letonă";"Latviya dili";"latvių";"latviešu";"Латиська";"ลัตเวีย";"Latvi";"Tiếng Latvian";"Letó";"latvijski";"lotyština";"latvijščina";"Letonski";"लातवियाई"
"ln";"Lingala";"lingala";"林加拉语";"陵加拉文";"Lingala";"Lingala";"リンガラ語";"Lingala";"Lingala";"Lingala";"Lingala";"Lingala";"Лингала";"اللينغالا";"лингала";"Lingala";"Lingala";"Λινγκάλα";"Lingala";"Lingala";"Lingala";"לינגולית";"링갈라어";"Lingala";"Lingala";"Lingala";"Lingala";"lingala";"lingala";"Лінгала";"ลิงกาลา";"Lingala";"Tiếng Lingala";"Lingala";"lingala";"lingala";"lingalščina";"Lingala";"लिंगाला"
"lt";"Lithuanian";"leedu";"立陶宛语";"立陶宛文";"Lituanien";"Litauisch";"リトアニア語";"Lituano";"Litauiska";"Litewski";"Lituano";"Lituânio";"Литовский";"الليتوانية";"литовски";"Litevština";"Litauisk";"Λιθουανικά";"Liettua";"Litván";"Lituano";"ליטאית";"리투아니아어";"Litouws";"Litauisk";"Lituaniană";"Litvanya dili";"lietuvių";"lietuviešu";"Литовська";"ลิทัวเนีย";"Lituavi";"Tiếng Lát-vi";"Lituà";"litavski";"litovčina";"litovščina";"Litvanski";"लिथुआनियाई"
"mk";"Macedonian";"makedoonia";"马其顿语";"馬其頓文";"Macédonien";"Mazedonisch";"マケドニア語";"Macedonio";"Makedonska";"Macedoński";"Macedónio";"Macedônio";"Македонский";"المقدونية";"македонски";"Makedonština";"Makedonisk";"Μακεδονικά";"Makedonia";"Macedón";"Macedone";"מקדונית";"마케도니아어";"Macedonisch";"Makedonsk";"Macedoneană";"Makedonca";"makedonų";"maķedoniešu";"Македонська";"มาซิโดเนีย";"Makedonia";"Tiếng Maxêđôni";"Macedònic";"makedonski";"macedónčina";"makedonščina";"Makedonski";"मेसीडोनियन"
"mg";"Malagasy";"malagassi";"马拉加斯语";"馬達加斯加文";"Malgache";"Madagassisch";"マラガシ語";"Malgache";"Malagassiska";"Malgaski";"Malgaxe";"Malagasiano";"Малагасийский";"المالاجية";"малгашки";"Malgaština";"Malagassisk";"Μαλγασικά";"Malagasi";"Madagaszkári";"Malgascio";"מלגשית";"마다가스카르어";"Malagasi";"Gassisk";"Malgaşă";"Malagaşça";"malagasių";"malagiešu";"Малагасійська";"มาลากาซี";"Malagasi";"Tiếng Malagasy";"Malgaix";"malagaški";"malgaština";"malagazijščina";"Malagaški";"मेलेगसी"
"ms";"Malay";"malai";"马来语";"馬來文";"Malais";"Malaiisch";"マレー語";"Malayo";"Malajiska";"Malajski";"Malaio";"Malaia";"Малайский";"المالاي";"малайски";"Malajština";"Malay";"Μαλαισιανά";"Malaiji";"Maláj";"Malese";"מלאית";"말레이어";"Maleisisch";"Malayisk";"Malaeză";"Malayca";"malajiečių";"malajiešu";"Малайська";"มลายู";"Bahasa Malaysia";"Tiếng Mã Lai";"Malai";"malajski";"malajčina";"malajščina";"Malajski";"मलय"
"ml";"Malayalam";"malajalami";"马来亚拉姆语";"馬來亞拉姆文";"Malayalam";"Malajalam";"マラヤーラム語";"Malabar";"Malayalam";"Malayalam";"Malaiala";"Malaialão";"Малаялам";"المالايالام";"малаялам";"Malajálamština";"Malayalam";"Μαλαγιάλαμ";"Malajalam";"Malayalam";"Malayalam";"מליאלאמית";"말라얄람어";"Malayalam";"Malayalam";"Malayalam";"Malayalam Dili";"malajalių";"malajalam";"Малайяма";"มาลายาลัม";"Malayalam";"Tiếng Malayalam";"Malaiàlam";"malajalamski";"malajalámčina";"malajalamščina";"Malajalam";"मलयालम"
"mt";"Maltese";"malta";"马耳他语";"馬爾他文";"Maltais";"Maltesisch";"マルタ語";"Maltés";"Maltesiska";"Maltański";"Maltês";"Maltês";"Мальтийский";"المالطية";"малтийски";"Maltština";"Maltesisk";"Μαλτέζικα";"Malta";"Máltai";"Maltese";"מלטזית";"몰타어";"Maltees";"Maltesisk";"Malteză";"Malta Dili";"maltiečių";"maltiešu";"Мальтійська";"มอลตา";"Malta";"Tiếng Mantơ";"Maltès";"malteški";"maltčina";"malteščina";"Malteški";"माल्टीज़"
"mi";"Maori";"maoori";"毛利语";"毛利文";"Maori";"Maori";"マオリ語";"Maorí";"Maori";"Maoryski";"Maori";"Maori";"Маори";"الماورية";"маорски";"Maorština";"Maorisk";"Μαορί";"Maori";"Maori";"Maori";"מאורית";"마오리어";"Maori";"Maorisk";"Maori";"Maori Dili";"maorių";"maoru";"Маорі";"เมารี";"Maori";"Tiếng Maori";"Maori";"maorski";"maorijčina";"maorščina";"Maorski";"माओरी"
"mr";"Marathi";"marathi";"马拉地语";"馬拉提文";"Marathi";"Marati";"マラーティー語";"Maratí";"Marathi";"Marathi";"Marati";"Marati";"Маратхи";"الماراتية";"маратхи";"Maráthí";"Marathi";"Μαράθι";"Marathi";"Maráthi";"Marathi";"מראטהית";"마라티어";"Marathi";"Marathi";"Marathi";"Marathi Dili";"marathų";"marati";"Маратхі";"มาราติ";"Marathi";"Tiếng Marathi";"Marathi";"marathski";"maráthčina";"maratščina";"Marathi";"मराठी"
"mo";"Moldavian";"moldaavia";"摩尔多瓦语";"摩爾多瓦文";"Moldave";"Moldauisch";"モルダビア語";"Moldavo";"Moldaviska";"Mołdawski";"Moldavo";"Moldavian";"Молдавский";"المولدوفية";"молдовски";"Moldavština";"Moldavisk";"Μολδαβικά";"Moldova";"Moldvai";"Moldavo";"מולדבית";"몰다비아어";"Moldavisch";"Moldovsk";"Moldovenească";"Moldovyaca";"moldavų";"moldāvu";"Молдавська";"มอลดาเวีย";"Moldavia";"Tiếng Moldavian";"Moldau";"moldavski";"moldavčina";"moldavščina";"Moldavski";"मोलदावियन"
"mn";"Mongolian";"mongoolia";"蒙古语";"蒙古文";"Mongol";"Mongolisch";"モンゴル語";"Mongol";"Mongoliska";"Mongolski";"Mongol";"Mongoliano";"Монгольский";"المنغولية";"монголски";"Mongolština";"Mongolsk";"Μογγολικά";"Mongolia";"Mongol";"Mongolo";"מונגולית";"몽골어";"Mongolisch";"Mongolsk";"Mongolă";"Moğolca";"mongolų";"mongoļu";"Монгольська";"มองโกเลีย";"Mongol Khalkha";"Tiếng Mông Cổ";"Mongol";"mongolski";"mongolčina";"mongolščina";"Mongolski";"मंगोलियाई"
"na";"Nauru";"nauru";"瑙鲁语";"諾魯文";"Nauru";"Nauru";"ナウル語";"Nauruano";"Nauru";"Nauru";"Nauruano";"Nauru";"Науру";"ناورو";"науруански";"Naurština";"Nauru";"Ναουρού";"Nauru";"Nauru";"Nauru";"נאורוית";"나우루어";"Nauru";"Nauru";"Nauru";"Nauruca";"nauriečių";"nauru";"Науру";"นาอูรู";"Nauru";"Tiếng Nauru";"Nauruà";"nauruški";"nauru";"nauru";"Nauruanski";"नॉरू"
"ne";"Nepali";"nepaali";"尼泊尔语";"尼泊爾文";"Népalais";"Nepalesisch";"ネパール語";"Nepalí";"Nepali";"Nepalski";"Nepali";"Nepalês";"Непальский";"النيبالية";"непалски";"Nepálština";"Nepali";"Νεπαλικά";"Nepali";"Nepáli";"Nepalese";"נפלית";"네팔어";"Nepalees";"Nepali";"Nepaleză";"Nepal Dili";"nepalų";"nepāļu";"Непальська";"เนปาล";"Nepali";"Tiếng Nê-pan";"Nepalès";"nepalski";"nepálčina";"nepalščina";"Nepalski";"नेपाली"
"no";"Norwegian";"norra";"挪威语";"挪威文";"Norvégien";"Norwegisch";"ノルウェー語";"Noruego";"Norska";"Norweski";"Norueguês";"Norueguês";"Норвежский";"النرويجية";"норвежки";"Norština";"Norsk";"Νορβηγικά";"Norja";"Norvég";"Norvegese";"נורבגית";"노르웨이어";"Noors";"Norsk";"Norvegiană";"Norveççe";"norvegų";"norvēģu";"Норвезька";"นอร์เวย์";"Norsk";"Tiếng Na-uy";"Noruec";"norveški";"nórčina";"norveščina";"Norveški";"नार्वेजियन"
"oc";"Occitan";"provansi";"欧西坦语";"奧西坦文";"Occitan";"Okzitanisch";"オクシタン語";"Occitano";"Occitanska";"Oksytański";"Occitânico";"Occitan";"Окситанский";"الأوكيتانية";"окситански";"Okcitánština";"Occitan";"Οξιτανικά";"Oksitaani";"Okcitán";"Occitano";"אוקיטנית";"옥시탄어";"Occitan";"Oksitansk";"Occitană";"Occitan Dili";"očitarų";"oksitāņu";"Окситанська";"ออกซิตัน";"Occitan";"Tiếng Occitan";"Occità";"okcitanski";"okcitánčina";"okcitanščina";"Oksitanski";"ऑक्सिटन"
"or";"Oriya";"oria";"奥里雅语";"歐利亞文";"Oriya";"Orija";"オリヤー語";"Oriya";"Oriya";"Orija";"Oria";"Oriya";"Ория";"الأوريا";"ория";"Urijština";"Oriya";"Ορίγια";"Orija";"Oriya";"Oriya";"אוריאית";"오리야어";"Oriya";"Oriya";"Oriya";"Oriya Dili";"orijų";"oriju";"Орія";"โอริยา";"Oriya";"Tiếng Oriya";"Oriya";"orijski";"uríjčina";"orija";"Orija";"उड़िया"
"om";"Oromo";"oroomo";"奥罗莫语";"奧羅蒙文";"Oromo";"Oromo";"オロモ語";"Oromo";"Oromo";"Oromo";"Oromo";"Oromo";"Оромо";"الأورومو";"оромо";"Oromo";"Oromo";"Ορόμο";"Oromo";"Oromo";"Oromo";"אורומית";"오로모어";"Oromo";"Oromo";"Oromo";"Oromo Dili";"oromų";"oromo";"Оромо";"โอโรโม";"Oromo";"Tiếng Oromo";"Oromo";"oromo";"oromo";"oromščina";"Oromo";"ओरोमो"
"ps";"Pashto";"puštu";"普什图语";"普什圖文";"Pachto";"Paschtu";"パシュトー語";"Pashto";"Pashto";"Paszto";"Pastó";"Pashto";"Пушту";"الباشتو";"пущунски";"Paštština";"Pashto";"Πάστο";"Pasto";"Pashto";"Pashto";"פאשטואית";"파슈토어";"Pashto";"Pashto";"Pashtu";"Afganca";"puštūnų";"pašto";"Пушту";"พาชตู";"Pashto";"Tiếng Pashto";"Paixtu";"pašto";"paštčina";"paštunščina";"Paštunski";"पश्तो"
"fa";"Persian";"pärsia";"波斯语";"波斯文";"Persan";"Persisch";"ペルシア語";"Persa";"Persiska";"Perski";"Persa";"Pérsico";"Персидский";"الفارسية";"персийски";"Perština";"Persisk";"Περσικά";"Persia";"Perzsa";"Persiano";"פרסית";"페르시아어";"Perzisch";"Persisk";"Persană";"Farsça";"persų";"persiešu";"Перська (Фарсі)";"เปอร์เซีย";"Farsi";"Tiếng Ba Tư";"Persa";"perzijski";"perzština";"perzijščina	";"Persijski";"फ़ारसी"
"pl";"Polish";"poola";"波兰语";"波蘭文";"Polonais";"Polnisch";"ポーランド語";"Polaco";"Polska";"Polski";"Polaco";"Polonês";"Польский";"البولندية";"полски";"Polština";"Polsk";"Πολωνικά";"Puola";"Lengyel";"Polacco";"פולנית";"폴란드어";"Pools";"Polsk";"Poloneză";"Polonyaca";"lenkų";"poļu";"Польська";"โปแลนด์";"Polski";"Tiếng Ba Lan";"Polonès";"poljski";"poľština";"poljščina";"Poljski";"पोलिश"
"pt";"Portuguese";"portugali";"葡萄牙语";"葡萄牙文";"Portugais";"Portugiesisch";"ポルトガル語";"Portugués";"Portugisiska";"Portugalski";"Português";"Português";"Португальский";"البرتغالية";"португалски";"Portugalština";"Portugisisk";"Πορτογαλικά";"Portugali";"Portugál";"Portoghese";"פורטוגזית";"포르투갈어";"Portugees";"Portugisisk";"Portugheză";"Portekizce";"portugalų";"portugāļu";"Португальська";"โปรตุเกส";"Portugis";"Tiếng Bồ Đào Nha";"Portuguès";"portugalski";"portugalčina";"portugalščina";"Portugalski";"पुर्तगाली"
"pa";"Punjabi";"panžabi";"旁遮普语";"旁遮普文";"Pendjabi";"Pandschabisch";"パンジャブ語";"Panyabí";"Punjabi";"Pendżabski";"Punjabi";"Punjabi";"Панджаби";"البنجابية";"пенджабски";"Paňdžábština";"Punjabi";"Παντζάμπι";"Punjabi";"Pandzsábi";"Punjabi";"פונג'בית";"펀자브어";"Punjabi";"Panjabi";"Punjabi";"Pencap Dili";"pendžabų";"pandžabi";"Панджабі";"ปัญจาบี";"Punjabi";"Tiếng Punjabi";"Panjabi";"pandžapski";"pandžábčina";"pandžabščina";"Pandžabi";"पंजाबी"
"qu";"Quechua";"ketšua";"克丘亚语";"蓋楚瓦文";"Quechua";"Ketschua";"ケチュア語";"Quechua";"Quechua";"Keczua";"Quechua";"Quechua";"Кечуа";"الكويشوا";"кечуа";"Kečujština";"Quechua";"Κέτσουα";"Quechua";"Kecsua";"Quechua";"קצ'ואית";"케추아어";"Quechua";"Quechua";"Quechua";"Quechua Dili";"kečujų";"kečvu";"Кечуа";"เกชัว";"Quechua";"Tiếng Quechua";"Quítxua";"kečuanski";"kečuánčina";"kečuanščina";"Kečua";"क्यूचुआ"
"rm";"Rhaeto-Romance";"retoromaani";"列托-罗曼斯语";"里托羅曼斯文";"Rhéto-roman";"Rätoromanisch";"レート・ロマン語";"Reto románico";"Rhaeto-Romance";"Retoromański";"Reto-romano";"Rhaeto-Romance";"Ретороманский";"الرايتو-رومانس";"реторомански";"Rétorománština";"Rætoromansk";"Ραιτορομανικά";"Retoromaani";"Rétoromán";"Rhaeto-Romanico";"רטאו-רומית";"레토로만어";"Retoromaans";"Retoromansk";"Retoromană";"Raheto Romence";"retoromanų";"raeto-romāņu";"Ретороманська";"แรโต-โรมานซ์";"Romansh";"Tiếng Rhaeto-Romance";"Retoromànic";"retoromanski";"rétorománčina";"retoromanščina";"Retoromanski";"राएतो-रोमांस"
"ro";"Romanian";"rumeenia";"罗马尼亚语";"羅馬尼亞文";"Roumain";"Rumänisch";"ルーマニア語";"Rumano";"Rumänska";"Rumuński";"Romeno";"Romeno";"Румынский";"الرومانية";"румънски";"Rumunština";"Rumænsk";"Ρουμανικά";"Romania";"Román";"Rumeno";"רומנית";"루마니아어";"Roemeens";"Rumensk";"Română";"Romence";"rumunų";"rumāņu";"Румунська";"โรมาเนีย";"Rumania";"Tiếng Rô-ma-ni";"Romanès";"rumunjski";"rumunčina";"romunščina";"Rumunski";"रोमानियाई"
"ru";"Russian";"vene";"俄语";"俄文";"Russe";"Russisch";"ロシア語";"Ruso";"Ryska";"Rosyjski";"Russo";"Russo";"Русский";"الروسية";"руски";"Ruština";"Russisk";"Ρωσικά";"Venäjä";"Orosz";"Russo";"רוסית";"러시아어";"Russisch";"Russisk";"Rusă";"Rusça";"rusų";"krievu";"Російська";"รัสเซีย";"Rusia";"Tiếng Nga";"Rus";"ruski";"ruština";"ruščina";"Ruski";"रूसी"
"sm";"Samoan";"samoa";"萨摩亚语";"薩摩亞文";"Samoan";"Samoanisch";"サモア語";"Samoano";"Samoanska";"Samoański";"Samoano";"Samoan";"Самоанский";"الساموية";"самоански";"Samojština";"Samoansk";"Σαμοανικά";"Samoa";"Szamoai";"Samoano";"סמואית";"사모아어";"Samoaans";"Samoisk";"Samoană";"Samoaca";"samojiečių";"samoāņu";"Самоанська";"ซามัว";"Samoa";"Tiếng Xa-mô-a";"Samoà";"samoanski";"samojčina";"samoanščina";"Samoanski";"सामोन"
"sg";"Sangho";"sango";"桑戈语";"桑侯文";"Sangho";"Sango";"サンゴ語";"Sango";"Sango";"Sangho";"Sango";"Sangho";"Санго";"السانجو";"санго";"Sangoština";"Sangho";"Σάνγκο";"Sangho";"Sangho";"Sangho";"סנגואית";"상고어";"Sangho";"Sangho";"Sangho";"Sangho Dili";"sango";"sango";"Санго";"สังโห";"Sango";"Tiếng Sangho";"Sangho";"sangho";"sangho";"sangoščina";"Sango";"संघो"
"sa";"Sanskrit";"sanskriti";"梵语";"梵文";"Sanskrit";"Sanskrit";"サンスクリット語";"Sánscrito";"Sanskrit";"Sanskryt";"Sânscrito";"Sânscrito";"Санскрит";"السنسكريتية";"санскрит";"Sanskrt";"Sanskrit";"Σανσκριτικά";"Sanskriitti";"Szanszkrit";"Sanscrito";"סנסקריט";"산스크리트어";"Sanskriet";"Sanskrit";"Sanscrită";"Sanskritçe";"sanskrito";"sanskritā";"Санскрит";"สันสกฤต";"Sanskerta";"Tiếng Phạn";"Sànscrit";"sanskrt";"sanskrit";"sanskrt	";"Sanskrit";"संस्कृत"
"gd";"Scots Gaelic";"šoti-keldi";"苏格兰盖尔语";"蘇格蘭蓋爾方言";"Gaélique d'Écosse";"Gälisch (Schottland)";"スコットランド・ゲール語";"Gaélico escocés";"Skotsk gaeliska";"Gaelicki (Szkocja)";"Gaélico escocês";"Scots Gaelic";"Гэльский";"السكوتس غاليك";"шотландски";"Skotská gaelština";"Skotsk gælisk";"Σκωτσέζικα Κέλτικα";"Skotlannin gaeli";"Skót kelta";"Gaelico scozzese";"קלטית סקוטית";"스코틀랜드 게일어";"Schots Gaelisch";"Skotsk-gælisk";"Gaelică scoţiană";"İskoçça";"škotų gėlų";"skotu gēlu";"Гельська";"สกอตแกลิก";"Gaelig Skotlandia";"Tiếng Xentơ Scốt-len";"Escocès";"škotski galski";"škótska galčina";"škotska galščina";"Škotski gelski";"स्कॉट्स गेलिक"
"sr";"Serbian";"serbia";"塞尔维亚语";"塞爾維亞文";"Serbe";"Serbisch";"セルビア語";"Serbio";"Serbiska";"Serbski";"Sérvio";"Sérbio";"Сербский";"الصربية";"сръбски";"Srbština";"Serbisk";"Σερβικά";"Serbia";"Szerb";"Serbo";"סרבית";"세르비아어";"Servisch";"Serbisk";"Sârbă";"Sırpça";"serbų";"sebu";"Сербська";"เซอร์เบีย";"Serb";"Tiếng Xéc-bi";"Serbi";"srpski";"srbčina";"srbščina";"Srpski";"सर्बियाई"
"st";"Sesotho";"sotho";"塞梭托语";"賴索托文";"Sesotho";"Sotho";"セスト語";"Sesotho";"Sesotho";"Soto";"Sesotho";"Sesotho";"Сото";"السيسوثو";"сесото";"Sotština";"Sesotho";"Σεσόθο";"Sesotho";"Sesotho";"Sesotho";"ססוטואית";"세소토어";"Sesotho";"Sesotho";"Sesotho";"Sesotho Dili";"sotų";"sesoto";"Сото";"เซโซโท";"Sesotho";"Tiếng Sesotho";"Sotho meridional";"sesotho";"sesothčina";"sesoto";"Sesoto";"सेसोथो"
"tn";"Setswana";"tsvana";"茨瓦纳语";"塞茲瓦納文";"Setswana";"Tsuana";"セツワナ語";"Setsuana";"Setswana";"Tswana";"Setsuana";"Setswana";"Тсвана";"السيتسوانا";"сетсвана";"Čvanština";"Setswana";"Σετσουάνα";"Tswana";"Setswana";"Setswana";"סטסוונאית";"세츠와나어";"Setswana";"Setswana";"Setswana";"Setsvana Dili";"tsvanų";"setsvana";"Тсвана";"เสตสวานา";"Tswana";"Tiếng Setswana";"Tswana";"setswana";"setswančina";"setsvanščina";"Setsvana";"सेत्सवाना"
"sn";"Shona";"šona";"修纳语";"頌哈文";"Shona";"Shona";"ショナ語";"Shona";"Shona";"Sona";"Shona";"Shona";"Шона";"الشونا";"шона";"Šonština";"Shona";"Σόνα";"Shona";"Shona";"Shona";"שונאית";"쇼나어";"Shona";"Shona";"Shona";"Şona Dili";"šonų";"šonu";"Шона";"โชนา";"Shona";"Tiếng Shona";"Algonquí";"shona";"šonština";"šonščina";"Šona";"शोना"
"sd";"Sindhi";"sindhi";"辛地语";"信德文";"Sindhi";"Sindhi";"シンド語";"Sindhi";"Sindhi";"Sindhi";"Sindi";"Sindhi";"Синдхи";"السندية";"синдхи";"Sindhština";"Sindhi";"Σίντι";"Sindhi";"Sindhi";"Sindhi";"סינדהית";"신드어";"Sindhi";"Sindhi";"Sindhi";"Sindi";"sindhų";"sindi";"Сіндхі";"สินธี";"Sindhi";"Tiếng Sindhi";"Sindhi";"sindhski";"sindhčina";"sindščina";"Sindi";"सिंधी"
"si";"Sinhalese";"singali";"僧伽罗语";"錫蘭文";"Singhalais";"Singhalesisch";"シンハラ語";"Cingalés";"Singalesiska";"Syngaleski";"Cingalês";"Sinhalese";"Сингальский";"السنهاليسية";"синхалски";"Sinhálština";"Sinhalesisk";"Σιγκαλεσιανά";"Sinhali";"Szingaléz";"Sinhalese";"סינלזית";"신할리즈어";"Sinhalees";"Singalesisk";"Sinhaleză";"Singalaca";"sinhalų";"singalu";"Сингалезька";"สิงหล";"Sinhala";"Tiếng Sinhalese";"Singalès";"sinhaleški";"sinhálčina";"sinhaleščina";"Sinhalski";"सिंहली"
"ss";"Siswati";"siswati";"史瓦济语";"西斯瓦提文";"Siswati";"Siswati";"シスワティ語";"Suazi";"Siswati";"Siswati";"Suazi";"Siswati";"Сисвати";"السيسواتية";"сисвати";"Siswati";"Siswati";"Σισουάτι";"Swazi";"Siswati";"Siswati";"סיסוואטית";"시스와티어";"Siswati";"Siswati";"Siswati";"Sisvati Dili";"svazių";"sisvati";"Сісваті";"ซิสวาติ";"Swati";"Tiếng Siswati";"Swazi";"siswati";"siswati";"sisvatščina";"Svazi";"सिस्वाती"
"sk";"Slovak";"slovakkia";"斯洛伐克语";"斯洛伐克文";"Slovaque";"Slowakisch";"スロバキア語";"Eslovaco";"Slovakiska";"Słowacki";"Eslovaco";"Eslovaco";"Словацкий";"السلوفاكية";"словашки";"Slovenština";"Slovakisk";"Σλοβάκικα";"Slovakki";"Szlovák";"Slovacco";"סלובקית";"슬로바키아어";"Slowaaks";"Slovakisk";"Slovacă";"Slovakça";"slovakų";"slovaku";"Словацька";"สโลวัค";"Slovak";"Tiếng Xlô-vác";"Eslovac";"slovački";"slovenčina";"slovaščina";"Slovački";"स्लोवाक"
"sl";"Slovenian";"sloveenia";"斯洛文尼亚语";"斯拉維尼亞文";"Slovène";"Slowenisch";"スロベニア語";"Esloveno";"Slovenska";"Słoweński";"Esloveno";"Esloveno";"Словенский";"السلوفينية";"словенски";"Slovinština";"Slovensk";"Σλοβένικα";"Slovenia";"Szlovén";"Sloveno";"סלובנית";"슬로베니아어";"Sloveens";"Slovensk";"Slovenă";"Slovence";"slovėnų";"slovēņu";"Словенська";"สโลวีเนีย";"Sloven";"Tiếng Xlô-ve-nia";"Eslovè";"slovenski";"slovinčina";"slovenščina";"Slovenački";"स्लोवेनियाई"
"so";"Somali";"somaali";"索马里语";"索馬利亞文";"Somali";"Somalisch";"ソマリア語";"Somalí";"Somaliska";"Somalijski";"Somali";"Somali";"Сомалийский";"الصومالية";"сомалийски";"Somálština";"Somali";"Σομαλικά";"Somali";"Szomáli";"Somalo";"סומלית";"소말리어";"Somalisch";"Somali";"Somaleză";"Somalice";"somalių";"somāliešu";"Сомалі";"โซมาเลีย";"Somali";"Tiếng Somali";"Somali";"somalski";"somálčina";"somalščina";"Somalijski";"सोमाली"
"es";"Spanish";"hispaania";"西班牙语";"西班牙文";"Espagnol";"Spanisch";"スペイン語";"Español";"Spanska";"Hiszpański";"Espanhol";"Espanhol";"Испанский";"الأسبانية";"испански";"Španělština";"Spansk";"Ισπανικά";"Espanja";"Spanyol";"Spagnolo";"ספרדית";"스페인어";"Spaans";"Spansk";"Spaniolă";"İspanyolca";"ispanų";"spāņu";"Іспанська";"สเปน";"Spanyol";"Tiếng Tây Ban Nha";"Espanyol";"španjolski";"španielčina";"španščina";"Španski";"स्पैनिश"
"su";"Sundanese";"sunda";"巽他语";"巽丹文";"Soudanais";"Sundanesisch";"スンダ語";"Sundanés";"Sundanesiska";"Sudański";"Sudanês";"Sudanês";"Сунданский";"الصندانية";"сундански";"Sundština";"Sundanesisk";"Σουντανεζικά";"Sunda";"Sundanese";"Sundanese";"סנדניזית";"순다어";"Soedanees";"Sudansk";"Sudaneză";"Sundanezce";"sudaniečių";"sundu";"Суданська";"ซุนดา";"Sunda";"Tiếng Su-đăng";"Sondanès";"sundaneški";"sundčina";"sudanščina";"Sundski";"सूडानी"
"sw";"Swahili";"suahiili";"斯瓦希里语";"史瓦西里文";"Swahili";"Suaheli";"スワヒリ語";"Swahili";"Swahili";"Suahili";"Suaíli";"Swahili";"Суахили";"السواحيلية";"суахили";"Svahilština";"Swahili";"Σουαχίλι";"Swahili";"Szuahéli";"Swahili";"סווהילית";"스와힐리어";"Swahili";"Swahili";"Swahili";"Svahili Dili";"svahilių";"svahili ";"Суахілі";"สวาฮิลี";"Swahili";"Tiếng Swahili";"Suahili";"svahilski";"swahilčina";"svahili";"Svahili";"स्वाहिली"
"sv";"Swedish";"rootsi";"瑞典语";"瑞典文";"Suédois";"Schwedisch";"スウェーデン語";"Sueco";"Svenska";"Szwedzki";"Sueco";"Suéco";"Шведский";"السويدية";"шведски";"Švédština";"Svensk";"Σουηδικά";"Ruotsi";"Svéd";"Svedese";"שוודית";"스웨덴어";"Zweeds";"Svensk";"Suedeză";"İsveççe";"švedų";"zviedru";"Шведська";"สวีเดน";"Swensk";"Tiếng Thụy Điển";"Suec";"švedski";"švédčina";"švedščina";"Švedski";"स्वीडिश"
"tl";"Tagalog";"tagali";"他加洛语";"塔加拉族文";"Tagalog";"Tagalog";"タガログ語";"Tagalog";"Tagalog";"Tagalog";"Tagalog";"Tagalog";"Тагалог";"التاجالوج";"тагалог";"Tagalština";"Tagalog";"Ταγκαλόγκ";"Tagalog";"Tagalog";"Tagalog";"טגלוגית";"타갈로그어";"Tagalog";"Tagalog";"Tagalog";"Tagalog Dili";"tagalų";"tagalu";"Тагалог";"ตากาล็อก";"Tagalog";"Tiếng Tagalog";"Tagàlog";"tagaloški";"tagalogčina";"tagaloščina";"Tagalog";"टैगलॉग"
"tg";"Tajik";"tadžiki";"塔吉克语";"塔吉克文";"Tadjik";"Tadschikisch";"タジク語";"Tayiko";"Tadzjikiska";"Tadżycki";"Tajique";"Tajik";"Таджикский";"الطاجيكية";"таджикски";"Tádžičtina";"Tajik";"Τατζικικά";"Tadžikki";"Tadzsik";"Tajik";"טאיג'יקית";"타지키스탄어";"Tadzjieks  ";"Tadsjikisk";"Tadjikă";"Tacik Dili";"tadžikų";"tadžiku";"Таджицька";"ทาจิค";"Tajik";"Tiếng Tajik";"Tadjik";"tadžički";"tadžičtina";"tadžiščina";"Tadžik";"तजिक"
"ta";"Tamil";"tamili";"泰米尔语";"坦米爾文";"Tamoul";"Tamilisch";"タミル語";"Tamil";"Tamil";"Tamilski";"Tâmil";"Tamil";"Тамил";"التاميل";"тамилски";"Tamilština";"Tamil";"Tαμίλ";"Tamili";"Tamil";"Tamil";"טמילית";"타밀어";"Tamil";"Tamilsk";"Tamil";"Tamilce";"tamilų";"tamilu";"Тамільська";"ทมิฬ";"Tamil";"Tiếng Ta-min";"Tàmil";"tamilski";"tamilčina";"tamilščina";"Tamilski";"तमिल"
"tt";"Tatar";"tatari";"鞑靼语";"韃靼文";"Tatar";"Tatarisch";"タタール語";"Tártaro";"Tatariska";"Tatarski";"Tártaro";"Tatar";"Татарский";"التتارية";"татарски";"Tatarština";"Tatar";"Ταταρικά";"Tataari";"Tatár";"Tataro";"טלרית";"타타르어";"Tatar";"Tatarsk";"Tătară";"Tatarca";"totorių";"tatāru";"Татарська";"ตาตาร์";"Tatar";"Tiếng Tatar";"Tàtar";"tatarski";"tatárčina";"tatarščina";"Tatarski";"तातार"
"te";"Telugu";"telugu";"泰卢固语";"特拉古文";"Telugu";"Telugu";"テルグ語";"Telugú";"Telugu";"Telugu";"Télugo";"Telugu";"Телугу";"التيلوجو";"телугу";"Telugština";"Telugu";"Τελούγκου";"Telugu";"Telugu";"Telugu";"טלגית";"텔루구어";"Telugu";"Telugu";"Telugu";"Telugu Dili";"telugų";"telugu";"Телугу";"เตลุกู";"Telugu";"Tiếng Telugu";"Telugu";"teluški";"telugčina";"teluščina";"Telugu";"तेलुगु"
"th";"Thai";"tai";"泰语";"泰文";"Thai";"Thailändisch";"タイ語";"Tailandés";"Thailändska";"Tajski";"Tailandês";"Tailandês";"Тайский";"التايلاندية";"тайски";"Thajština";"Thai";"Ταϊλανδικά";"Thai";"Thai";"Thai";"תאית";"태국어";"Thais";"Thai";"Thai";"Tayca";"tajų";"taizemiešu";"Тайська";"ไทย";"Thai";"Tiếng Thái Lan";"Tai";"tajski";"thajčina";"tajščina";"Tajlandski";"थाई"
"bo";"Tibetan";"tiibeti";"藏语";"西藏文";"Tibétain";"Tibetisch";"チベット語";"Tibetano";"Tibetanska";"Tybetański";"Tibetano";"Tibetano";"Тибетский";"التبتية";"тибетски";"Tibetština";"Tibetansk";"Θιβετιανά";"Tiibetti";"Tibeti";"Tibetano";"טיבטית";"티베트어";"Tibetaans";"Tibetansk";"Tibetană";"Tibetçe";"tibetiečių";"tibetiešu";"Тибетська";"ทิเบต";"Tibet";"Tiếng Tây Tạng";"Tibetà";"tibetanski";"tibetčina";"tibetanščina";"Tibetanski";"तिब्बती"
"ti";"Tigrinya";"tigrinja";"提格里尼亚语";"提格利尼亞文";"Tigrina";"Tigrinja";"ティグリニャ語";"Tigriña";"Tigrinska";"Tigrinya";"Tigre";"Tigrinya";"Тигринья";"التيجرينية";"тигриня";"Tigriňa";"Tigrinya";"Τιγκρίνυα";"Tigre";"Tigrinya";"Tigrinya";"טיגרינאית";"티그리냐어";"Tigrinya";"Tigrinja";"Tigrinya";"Tigrinya Dili";"tigrajų";"tigrinja";"Тигрінья";"ตีกรินยา";"Tugrinya";"Tiếng Tigrinya";"Tigrinya";"tigrinjski";"tigriňa";"tigrinščina";"Tigrinja";"टिग्रीन्या"
"to";"Tonga";"tonga";"汤加语";"東加文";"Tonga";"Tonga";"トンガ";"Tonga";"Tonga";"Tonga";"Tonga";"Tonga";"Тонга";"تونجا";"тонгански";"Tonžština";"Tonga";"Τόνγκα";"Tonga";"Tonga";"Tonga";"טונגית";"통가어";"Tonga";"Tonga";"Tonga";"Tonga Dili";"tongų";"tongiešu";"Тонґа";"ตองกา";"Tonga";"Tiếng Tonga";"Tongà";"tonganski";"tonga";"tonga";"Tonga";"टोंगा"
"ts";"Tsonga";"tsonga";"聪加语";"頌加文";"Tsonga";"Tsonga";"ツォンガ語";"Tsonga";"Tsonga";"Tsonga";"Tsonga";"Tsonga";"Тсонга";"تسونجا";"тсонга";"Tsonga";"Tsonga";"Tσόνγκα";"Tsonga";"Tsonga";"Tsonga";"טסונגית";"총가어";"Tsonga";"Tsonga";"Tsonga";"Tsonga Dili";"tsongų";"congu";"Тсонга";"ซองกา";"Tsonga";"Tiếng Tsonga";"Tsonga";"tsongaški";"tsonga";"tsonga";"Conga";"सोंगा"
"tr";"Turkish";"türgi";"土尔其语";"土耳其文";"Turc";"Türkisch";"トルコ語";"Turco";"Turkiska";"Turecki";"Turco";"Arabe";"Турецкий";"التركية";"турски";"Turečtina";"Tyrkisk";"Τουρκικά";"Turkki";"Török";"Turco";"טורכית";"터키어";"Turks";"Tyrkisk";"Turcă";"Türkçe";"turkų";"turku";"Турецька";"ตุรกี";"Turki";"Tiếng Thổ Nhĩ Kỳ";"Turc";"turski";"turečtina";"turščina";"Turski";"तुर्की"
"tk";"Turkmen";"türkmeeni";"土库曼语";"土庫曼文";"Türkmène";"Turkmenisch";"トルクメン語";"Turcomano";"Turkmeniska";"Turkmeński";"Turcomano";"Turkmen";"Туркменский";"التركمانية";"туркменски";"Turkménština";"Turkmensk";"Τουρκμενικά";"Turkmen";"Türkmén";"Turkmeno";"טורקמנית";"투르크멘어";"Turkmeens";"Turkmensk";"Turkmenă";"Türkmence";"turkmėnų";"turkmēņu";"Туркменська";"เติร์กเมน";"Turkmen";"Tiếng Tuốc-men";"Turcman";"turkmenski";"turkménčina";"turkmenščina";"Turkmenski";"तुर्कमेन"
"tw";"Twi";"tvii";"契维语";"契維文";"Twi";"Twi";"トウィ語";"Twi";"Ewe";"Twi";"Twi";"Twi";"Тви";"التوي";"тви";"Ťwiština";"Twi";"Τούϊ";"Twi";"Twi";"Twi";"טווית";"트위어";"Twi";"Twi";"Twi";"Twi Dili";"twi";"tvī";"Тві";"ทวิ";"Twi";"Tiếng Twi";"Àkan";"twi";"twi";"tvi";"Čvi";"ट्वी"
"ug";"Uighur";"uiguuri";"维吾尔语";"維吾爾文";"Ouïgour";"Uigurisch";"ウイグル語";"Uigur";"Uiguriska";"Ujgurski";"Uigur";"Uighur";"Уйгурский";"الأوغر";"уйгурски";"Ujgurština";"Uighur";"Ουϊγκούρ";"Uighur";"Uighur";"Uighur";"אוגהורית";"위구르어";"Uighur";"Uigurisk";"Uigură";"Uygurca";"uigūrų";"uiguru";"Уйгурська";"อัยเกอร์";"Uighur";"Tiếng Uighur";"Uigur";"ujgurski";"ujgurčina";"ujgurščina";"Ujgurski";"उइघुर"
"uk";"Ukrainian";"ukraina";"乌克兰语";"烏克蘭文";"Ukrainien";"Ukrainisch";"ウクライナ語";"Ucraniano";"Ukrainska";"Ukraiński";"Ucraniano";"Ucraniano";"Украинский";"الأوكرانية";"украински";"Ukrajinština";"Ukrainsk";"Ουκρανικά";"Ukraina";"Ukrán";"Ucraino";"אוקראינית";"우크라이나어";"Oekraïns";"Ukrainsk";"Ucraineană";"Ukrayna Dili";"ukrainiečių";"ukraiņu";"Українська";"ยูเครน";"Ukraina";"Tiếng Ucraina";"Ucraïnès";"ukrajinski";"ukrajinčina";"ukrajinščina";"Ukrajinski";"यूक्रेनियाई"
"ur";"Urdu";"urdu";"乌尔都语";"烏都文";"Urdu";"Urdu";"ウルドゥー語";"Urdu";"Urdu";"Urdu";"Urdu";"Urdu";"Урду";"الأوردية";"урду";"Urdština";"Urdu";"Ουρντού";"Urdu";"Urdu";"Urdu";"אורדו";"우르두어";"Urdu";"Urdu";"Urdu";"Urdu Dili";"urdu";"urdu";"Урду";"อูรดู";"Urdu";"Tiếng Urdu";"Urdú";"urdu";"urdčina";"urdujščina";"Urdu";"उर्दू"
"uz";"Uzbek";"usbeki";"乌兹别克语";"烏玆別克文";"Uzbek";"Usbekisch";"ウズベク語";"Uzbeko";"Uzbekiska";"Uzbecki";"Usbeque";"Uzbek";"Узбекский";"الأوزبكية";"узбекски";"Uzbečtina";"Usbekisk";"Ουζμπεκικά";"Uzbekki";"Üzbég";"Uzbeco";"אוזבקית";"우즈베크어";"Oezbeeks";"Usbekisk";"Uzbekă";"Özbekçe";"uzbekų";"uzbeku";"Узбецька";"อุซเบกิสถาน";"Uzbek";"Tiếng Uzbek";"Uzbek";"uzbeški";"uzbečtina";"uzbeščina";"Uzbečki";"उज़्बेक"
"vi";"Vietnamese";"vietnami";"越南语";"越南文";"Vietnamien";"Vietnamesisch";"ベトナム語";"Vietnamita";"Vietnamesiska";"Wietnamski";"Vietnamita";"Vietnamita";"Вьетнамский";"الفيتنامية";"виетнамски";"Vietnamština";"Vietnamesisk";"Βιετναμικά";"Vietnam";"Vietnámi";"Vietnamita";"ווייטנאמית";"베트남어";"Vietnamees";"Vietnamesisk";"Vietnameză";"Vietnam Dili";"vietnamiečių";"vjetnamiešu";"В'єтнамська";"เวียดนาม";"Vietnam";"Tiếng Việt";"Vietnamita";"vijetnamski";"vietnamčina";"vietnamščina";"Vijetnamski";"वियतनामी"
"vo";"Volapük";"volapüki";"沃拉普克语";"沃拉普克文";"Volapük";"Volapük";"ヴォラピューク語";"Volapük";"Volapyk";"Volapük";"Volapuque";"Volapuque";"Волапюк";"الفولابك";"волапюк";"Volapük";"Volapyk";"Βολαπούκ";"Volapük";"Volapük";"Volapük";"וולפוקית";"볼라퓌크어";"Volapük";"Volapyk";"Volapük";"Volapük Dili";"volapiuko";"volapiku";"Волапюк";"โวลาปุก";"Volapük";"Tiếng Volapük";"Volapük";"volapük";"volapük";"volapuščina";"Volapik";"वोलापुक"
"cy";"Welsh";"uelsi";"威尔士语";"威爾斯文";"Gallois";"Walisisch";"ウェールズ語";"Galés";"Walesiska";"Walijski";"Galês";"Welsh";"Уэльский";"الويلزية";"уелски";"Velština";"Walisisk";"Ουαλικά";"Kymri";"Walesi";"Gallese";"וולשית";"웨일스어";"Welsh";"Walisisk";"Galeză";"Galce";"valų";"velsiešu";"Валлійська";"เวลช์";"Wales";"Tiếng Welsh";"Gal·lès";"velški";"waleština";"valižanščina";"Velški";"वेल्श"
"wo";"Wolof";"volofi";"沃洛夫语";"沃洛夫文";"Ouolof";"Wolof";"ウォロフ語";"Wolof";"Wolof";"Wolof";"Wolof";"Wolof";"Волоф";"الولوف";"волоф";"Volofština";"Wolof";"Γουόλοφ";"Wolof";"Wolof";"Wolof";"וולופית";"우오로프어";"Wolof";"Wolof";"Wolof";"Wolof Dili";"volofų";"volofu";"Волоф";"โวลอฟ";"Wolof";"Tiếng Wolof";"Wòlof";"volof";"wolofčina";"volof";"Volof";"वोलॉफ़"
"xh";"Xhosa";"koosa";"科萨语";"廓薩文";"Xhosa";"Xhosa";"コーサ語";"Xhosa";"Xhosa";"Xhosa";"Xhosa";"Xhosa";"Коса";"شوسا";"кхоса";"Xhoština";"Xhosa";"Χόσα";"Xhosa";"Xhosa";"Xhosa";"הושית";"코사어";"Xhosa";"Xhosa";"Xhosă";"Xhosa Dili";"kosų";"khosu";"Ксоза";"โคซา";"Xhosa";"Tiếng Bantu";"Xosa";"xhosa";"xhoština";"koščina";"Khosa";"खोसा"
"yi";"Yiddish";"jidiši";"意第绪语";"意第緒文";"Yiddish";"Jiddisch";"イディッシュ語";"Yidis";"Jiddisch";"Jidysz";"Iídiche";"Idiche";"Идиш";"اليديشية";"идиш";"Jidiš";"Jiddisch";"Γίντις";"Jiddiš";"Jiddis";"Yiddish";"אידיש";"이디시어";"Jiddish";"Jiddisk";"Idiş";"Yidçe";"jidiš";"jidišā";"Ідиш";"ยิชดิช";"Yiddish";"Tiếng I-đít";"Jiddisch";"jidiš";"jidiš";"jidiš";"Jidiš";"यहूदी"
"yo";"Yoruba";"joruba";"约鲁巴语";"優魯巴文";"Yoruba";"Joruba";"ヨルバ語";"Yoruba";"Yoruba";"Joruba";"Ioruba";"Yoruba";"Йоруба";"اليوروبا";"йоруба";"Jorubština";"Yoruba";"Γιορούμπα";"Joruba";"Joruba";"Yoruba";"יורובית";"요루바어";"Yoruba";"Joruba";"Yoruba";"Yoruba Dili";"jorubų";"jorubu";"Йоруба";"โยรูบา";"Yoruba";"Tiếng Yoruba";"Ioruba";"joruba";"jorubčina";"joruba";"Joruba";"योरूबा"
"za";"Zhuang";"tšuangi";"壮语";"壯文";"Zhuang";"Zhuang";"チワン語";"Zhuang";"Zhuang";"Zhuang";"Zhuang";"Zhuang";"Чжуанский";"الزوانج";"чжуански";"Čuangština";"Zhuang";"Ζουάνγκ";"Zhuang";"Zhuang";"Zhuang";"זואנגית";"장족어";"Zhuang";"Zhuang";"Zhuang";"Zhuang Dili";"džuangų";"žuangu";"Чжуан";"จ้วง";"Zhuang";"Tiếng Zhuang";"Zhuang";"zhuang";"zhuang";"žuang";"Zuang";"ज़ुआंग"
"zu";"Zulu";"suulu";"祖鲁语";"祖魯文";"Zoulou";"Zulu";"ズールー語";"Zulú";"Zulu";"Zuluski";"Zulu";"Zulu";"Зулу";"الزولو";"зулуски";"Zulu";"Zulu";"Ζουλού";"Zulu";"Zulu";"Zulu";"זולו";"줄루어";"Zulu";"Zulu";"Zulu";"Zulu Dili";"zulų";"zulu";"Зулу";"ซูลู";"Zulu";"Tiếng Zulu";"Zulu";"zulu";"zuluština";"zulujščina";"Zulu";"ज़ुलु"
